name,busname,stat,Minoperatingcapacity(MW),capacity(kW),battery(kWh),chargingrate(MW/hr),dischargingrate(MW/hr),ChargingEfficiency(%),DischargingEfficiency(%),dischargingcost(gbp/MWh),chargingcost(gbp/MWh)
2016004735,h,1.0,0.0,7.4,75.0,250.0,0.0,0.88,0.0,0.0,150.0
2012005613,h,1.0,0.0,7.4,30.0,250.0,0.0,0.88,0.0,0.0,150.0
2015008802,h,1.0,0.0,7.4,40.0,250.0,0.0,0.88,0.0,0.0,150.0
2016003673,h,1.0,0.0,7.4,30.0,250.0,0.0,0.88,0.0,0.0,150.0
2013008834,h,1.0,0.0,7.4,30.0,250.0,0.0,0.88,0.0,0.0,150.0
2012005089,h,1.0,0.0,7.4,24.0,250.0,0.0,0.88,0.0,0.0,150.0
2013005179,h,1.0,0.0,7.4,40.0,250.0,0.0,0.88,0.0,0.0,150.0
2014007919,h,1.0,0.0,7.4,75.0,250.0,0.0,0.88,0.0,0.0,150.0
2014004303,h,1.0,0.0,7.4,30.0,250.0,0.0,0.88,0.0,0.0,150.0
2015007683,h,1.0,0.0,7.4,30.0,250.0,0.0,0.88,0.0,0.0,150.0
2013004516,h,1.0,0.0,7.4,40.0,250.0,0.0,0.88,0.0,0.0,150.0
2016006162,h,1.0,0.0,7.4,24.0,250.0,0.0,0.88,0.0,0.0,150.0
2013007003,h,1.0,0.0,7.4,30.0,250.0,0.0,0.88,0.0,0.0,150.0
2014003451,h,1.0,0.0,7.4,40.0,250.0,0.0,0.88,0.0,0.0,150.0
2015005438,h,1.0,0.0,7.4,40.0,250.0,0.0,0.88,0.0,0.0,150.0
2012010498,h,1.0,0.0,7.4,24.0,250.0,0.0,0.88,0.0,0.0,150.0
2016003362,h,1.0,0.0,7.4,30.0,250.0,0.0,0.88,0.0,0.0,150.0
2012005510,h,1.0,0.0,7.4,24.0,250.0,0.0,0.88,0.0,0.0,150.0
2016002456,h,1.0,0.0,7.4,24.0,250.0,0.0,0.88,0.0,0.0,150.0
2014005639,h,1.0,0.0,7.4,40.0,250.0,0.0,0.88,0.0,0.0,150.0
2015009018,h,1.0,0.0,7.4,75.0,250.0,0.0,0.88,0.0,0.0,150.0
2014003180,h,1.0,0.0,7.4,75.0,250.0,0.0,0.88,0.0,0.0,150.0
2014007645,h,1.0,0.0,7.4,75.0,250.0,0.0,0.88,0.0,0.0,150.0
2016008126,h,1.0,0.0,7.4,75.0,250.0,0.0,0.88,0.0,0.0,150.0
2015008904,h,1.0,0.0,7.4,30.0,250.0,0.0,0.88,0.0,0.0,150.0
2014003562,h,1.0,0.0,7.4,75.0,250.0,0.0,0.88,0.0,0.0,150.0
2012010544,h,1.0,0.0,7.4,24.0,250.0,0.0,0.88,0.0,0.0,150.0
2013004880,h,1.0,0.0,7.4,24.0,250.0,0.0,0.88,0.0,0.0,150.0
2013005932,h,1.0,0.0,7.4,30.0,250.0,0.0,0.88,0.0,0.0,150.0
2014003755,h,1.0,0.0,7.4,40.0,250.0,0.0,0.88,0.0,0.0,150.0
2016003638,h,1.0,0.0,7.4,40.0,250.0,0.0,0.88,0.0,0.0,150.0
2015000917,h,1.0,0.0,7.4,60.0,250.0,0.0,0.88,0.0,0.0,150.0
2015006948,h,1.0,0.0,7.4,24.0,250.0,0.0,0.88,0.0,0.0,150.0
2014007969,h,1.0,0.0,7.4,24.0,250.0,0.0,0.88,0.0,0.0,150.0
2013005368,h,1.0,0.0,7.4,24.0,250.0,0.0,0.88,0.0,0.0,150.0
2015001244,h,1.0,0.0,7.4,60.0,250.0,0.0,0.88,0.0,0.0,150.0
2015007094,h,1.0,0.0,7.4,30.0,250.0,0.0,0.88,0.0,0.0,150.0
2012001098,h,1.0,0.0,7.4,30.0,250.0,0.0,0.88,0.0,0.0,150.0
2015006164,h,1.0,0.0,7.4,60.0,250.0,0.0,0.88,0.0,0.0,150.0
2015004822,h,1.0,0.0,7.4,24.0,250.0,0.0,0.88,0.0,0.0,150.0
2016003679,h,1.0,0.0,7.4,24.0,250.0,0.0,0.88,0.0,0.0,150.0
2016004029,h,1.0,0.0,7.4,24.0,250.0,0.0,0.88,0.0,0.0,150.0
2013007614,h,1.0,0.0,7.4,24.0,250.0,0.0,0.88,0.0,0.0,150.0
2013005046,h,1.0,0.0,7.4,30.0,250.0,0.0,0.88,0.0,0.0,150.0
2012010094,h,1.0,0.0,7.4,24.0,250.0,0.0,0.88,0.0,0.0,150.0
2016008729,h,1.0,0.0,7.4,30.0,250.0,0.0,0.88,0.0,0.0,150.0
2014001178,h,1.0,0.0,7.4,24.0,250.0,0.0,0.88,0.0,0.0,150.0
2013007098,h,1.0,0.0,7.4,60.0,250.0,0.0,0.88,0.0,0.0,150.0
2016006878,h,1.0,0.0,7.4,40.0,250.0,0.0,0.88,0.0,0.0,150.0
2015002849,h,1.0,0.0,7.4,24.0,250.0,0.0,0.88,0.0,0.0,150.0
2013007360,h,1.0,0.0,7.4,24.0,250.0,0.0,0.88,0.0,0.0,150.0
2015004731,h,1.0,0.0,7.4,30.0,250.0,0.0,0.88,0.0,0.0,150.0
2012005564,h,1.0,0.0,7.4,75.0,250.0,0.0,0.88,0.0,0.0,150.0
2014003754,h,1.0,0.0,7.4,75.0,250.0,0.0,0.88,0.0,0.0,150.0
2016006390,h,1.0,0.0,7.4,40.0,250.0,0.0,0.88,0.0,0.0,150.0
2016005793,h,1.0,0.0,7.4,24.0,250.0,0.0,0.88,0.0,0.0,150.0
2013002811,h,1.0,0.0,7.4,40.0,250.0,0.0,0.88,0.0,0.0,150.0
2016002904,h,1.0,0.0,7.4,60.0,250.0,0.0,0.88,0.0,0.0,150.0
2013000305,h,1.0,0.0,7.4,60.0,250.0,0.0,0.88,0.0,0.0,150.0
2016008249,h,1.0,0.0,7.4,75.0,250.0,0.0,0.88,0.0,0.0,150.0
2014005753,h,1.0,0.0,7.4,75.0,250.0,0.0,0.88,0.0,0.0,150.0
2015000969,h,1.0,0.0,7.4,40.0,250.0,0.0,0.88,0.0,0.0,150.0
2013000486,h,1.0,0.0,7.4,75.0,250.0,0.0,0.88,0.0,0.0,150.0
2013000337,h,1.0,0.0,7.4,75.0,250.0,0.0,0.88,0.0,0.0,150.0
2014003502,h,1.0,0.0,7.4,24.0,250.0,0.0,0.88,0.0,0.0,150.0
2012005271,h,1.0,0.0,7.4,75.0,250.0,0.0,0.88,0.0,0.0,150.0
2014007908,h,1.0,0.0,7.4,60.0,250.0,0.0,0.88,0.0,0.0,150.0
2012006306,h,1.0,0.0,7.4,60.0,250.0,0.0,0.88,0.0,0.0,150.0
2016008104,h,1.0,0.0,7.4,40.0,250.0,0.0,0.88,0.0,0.0,150.0
2015008896,h,1.0,0.0,7.4,30.0,250.0,0.0,0.88,0.0,0.0,150.0
2012009249,h,1.0,0.0,7.4,75.0,250.0,0.0,0.88,0.0,0.0,150.0
2014001035,h,1.0,0.0,7.4,30.0,250.0,0.0,0.88,0.0,0.0,150.0
2014005854,h,1.0,0.0,7.4,30.0,250.0,0.0,0.88,0.0,0.0,150.0
2015008685,h,1.0,0.0,7.4,75.0,250.0,0.0,0.88,0.0,0.0,150.0
2015006261,h,1.0,0.0,7.4,24.0,250.0,0.0,0.88,0.0,0.0,150.0
2014002433,h,1.0,0.0,7.4,30.0,250.0,0.0,0.88,0.0,0.0,150.0
2014008434,h,1.0,0.0,7.4,30.0,250.0,0.0,0.88,0.0,0.0,150.0
2016004945,h,1.0,0.0,7.4,30.0,250.0,0.0,0.88,0.0,0.0,150.0
2016001099,h,1.0,0.0,7.4,30.0,250.0,0.0,0.88,0.0,0.0,150.0
2012004387,h,1.0,0.0,7.4,60.0,250.0,0.0,0.88,0.0,0.0,150.0
2013007208,h,1.0,0.0,7.4,24.0,250.0,0.0,0.88,0.0,0.0,150.0
2012002845,h,1.0,0.0,7.4,75.0,250.0,0.0,0.88,0.0,0.0,150.0
2015000139,h,1.0,0.0,7.4,40.0,250.0,0.0,0.88,0.0,0.0,150.0
2016007231,h,1.0,0.0,7.4,24.0,250.0,0.0,0.88,0.0,0.0,150.0
2013007960,h,1.0,0.0,7.4,40.0,250.0,0.0,0.88,0.0,0.0,150.0
2016006223,h,1.0,0.0,7.4,24.0,250.0,0.0,0.88,0.0,0.0,150.0
2012003626,h,1.0,0.0,7.4,30.0,250.0,0.0,0.88,0.0,0.0,150.0
2016007850,h,1.0,0.0,7.4,24.0,250.0,0.0,0.88,0.0,0.0,150.0
2016003324,h,1.0,0.0,7.4,24.0,250.0,0.0,0.88,0.0,0.0,150.0
2013001006,h,1.0,0.0,7.4,24.0,250.0,0.0,0.88,0.0,0.0,150.0
2015008554,h,1.0,0.0,7.4,30.0,250.0,0.0,0.88,0.0,0.0,150.0
2014000161,h,1.0,0.0,7.4,30.0,250.0,0.0,0.88,0.0,0.0,150.0
2015005649,h,1.0,0.0,7.4,60.0,250.0,0.0,0.88,0.0,0.0,150.0
2016007479,h,1.0,0.0,7.4,75.0,250.0,0.0,0.88,0.0,0.0,150.0
2015001898,h,1.0,0.0,7.4,75.0,250.0,0.0,0.88,0.0,0.0,150.0
2016007433,h,1.0,0.0,7.4,75.0,250.0,0.0,0.88,0.0,0.0,150.0
2015004308,h,1.0,0.0,7.4,60.0,250.0,0.0,0.88,0.0,0.0,150.0
2012008216,h,1.0,0.0,7.4,30.0,250.0,0.0,0.88,0.0,0.0,150.0
2016004588,h,1.0,0.0,7.4,40.0,250.0,0.0,0.88,0.0,0.0,150.0
2015006573,h,1.0,0.0,7.4,75.0,250.0,0.0,0.88,0.0,0.0,150.0
2012002502,h,1.0,0.0,7.4,30.0,250.0,0.0,0.88,0.0,0.0,150.0
2016007728,h,1.0,0.0,7.4,24.0,250.0,0.0,0.88,0.0,0.0,150.0
2013000124,h,1.0,0.0,7.4,30.0,250.0,0.0,0.88,0.0,0.0,150.0
2015002839,h,1.0,0.0,7.4,30.0,250.0,0.0,0.88,0.0,0.0,150.0
2015002648,h,1.0,0.0,7.4,24.0,250.0,0.0,0.88,0.0,0.0,150.0
2012005665,h,1.0,0.0,7.4,30.0,250.0,0.0,0.88,0.0,0.0,150.0
2014006184,h,1.0,0.0,7.4,75.0,250.0,0.0,0.88,0.0,0.0,150.0
2015004245,h,1.0,0.0,7.4,30.0,250.0,0.0,0.88,0.0,0.0,150.0
2013000111,h,1.0,0.0,7.4,40.0,250.0,0.0,0.88,0.0,0.0,150.0
2012004359,h,1.0,0.0,7.4,24.0,250.0,0.0,0.88,0.0,0.0,150.0
2016003900,h,1.0,0.0,7.4,40.0,250.0,0.0,0.88,0.0,0.0,150.0
2015001372,h,1.0,0.0,7.4,30.0,250.0,0.0,0.88,0.0,0.0,150.0
2012004803,h,1.0,0.0,7.4,24.0,250.0,0.0,0.88,0.0,0.0,150.0
2015002110,h,1.0,0.0,7.4,24.0,250.0,0.0,0.88,0.0,0.0,150.0
2013000552,h,1.0,0.0,7.4,40.0,250.0,0.0,0.88,0.0,0.0,150.0
2013004958,h,1.0,0.0,7.4,60.0,250.0,0.0,0.88,0.0,0.0,150.0
2013000813,h,1.0,0.0,7.4,24.0,250.0,0.0,0.88,0.0,0.0,150.0
2013003242,h,1.0,0.0,7.4,24.0,250.0,0.0,0.88,0.0,0.0,150.0
2016007126,h,1.0,0.0,7.4,24.0,250.0,0.0,0.88,0.0,0.0,150.0
2014007249,h,1.0,0.0,7.4,75.0,250.0,0.0,0.88,0.0,0.0,150.0
2014007566,h,1.0,0.0,7.4,75.0,250.0,0.0,0.88,0.0,0.0,150.0
2013004001,h,1.0,0.0,7.4,60.0,250.0,0.0,0.88,0.0,0.0,150.0
2014004715,h,1.0,0.0,7.4,30.0,250.0,0.0,0.88,0.0,0.0,150.0
2016008952,h,1.0,0.0,7.4,40.0,250.0,0.0,0.88,0.0,0.0,150.0
2014008252,h,1.0,0.0,7.4,60.0,250.0,0.0,0.88,0.0,0.0,150.0
2015002022,h,1.0,0.0,7.4,60.0,250.0,0.0,0.88,0.0,0.0,150.0
2013004145,h,1.0,0.0,7.4,24.0,250.0,0.0,0.88,0.0,0.0,150.0
2016005776,h,1.0,0.0,7.4,30.0,250.0,0.0,0.88,0.0,0.0,150.0
2015000773,h,1.0,0.0,7.4,30.0,250.0,0.0,0.88,0.0,0.0,150.0
2015000028,h,1.0,0.0,7.4,24.0,250.0,0.0,0.88,0.0,0.0,150.0
2013000344,h,1.0,0.0,7.4,40.0,250.0,0.0,0.88,0.0,0.0,150.0
2015002162,h,1.0,0.0,7.4,30.0,250.0,0.0,0.88,0.0,0.0,150.0
2013007740,h,1.0,0.0,7.4,75.0,250.0,0.0,0.88,0.0,0.0,150.0
2013000209,h,1.0,0.0,7.4,30.0,250.0,0.0,0.88,0.0,0.0,150.0
2012006438,h,1.0,0.0,7.4,30.0,250.0,0.0,0.88,0.0,0.0,150.0
2015007804,h,1.0,0.0,7.4,40.0,250.0,0.0,0.88,0.0,0.0,150.0
2016007487,h,1.0,0.0,7.4,40.0,250.0,0.0,0.88,0.0,0.0,150.0
2016003327,h,1.0,0.0,7.4,60.0,250.0,0.0,0.88,0.0,0.0,150.0
2014007762,h,1.0,0.0,7.4,60.0,250.0,0.0,0.88,0.0,0.0,150.0
2012006054,h,1.0,0.0,7.4,40.0,250.0,0.0,0.88,0.0,0.0,150.0
2014008644,h,1.0,0.0,7.4,75.0,250.0,0.0,0.88,0.0,0.0,150.0
2015002466,h,1.0,0.0,7.4,75.0,250.0,0.0,0.88,0.0,0.0,150.0
2012002592,h,1.0,0.0,7.4,75.0,250.0,0.0,0.88,0.0,0.0,150.0
2012002645,h,1.0,0.0,7.4,60.0,250.0,0.0,0.88,0.0,0.0,150.0
2012001772,h,1.0,0.0,7.4,60.0,250.0,0.0,0.88,0.0,0.0,150.0
2012008192,h,1.0,0.0,7.4,40.0,250.0,0.0,0.88,0.0,0.0,150.0
2012004589,h,1.0,0.0,7.4,60.0,250.0,0.0,0.88,0.0,0.0,150.0
2013003402,h,1.0,0.0,7.4,30.0,250.0,0.0,0.88,0.0,0.0,150.0
2016008533,h,1.0,0.0,7.4,30.0,250.0,0.0,0.88,0.0,0.0,150.0
2016001816,h,1.0,0.0,7.4,75.0,250.0,0.0,0.88,0.0,0.0,150.0
2015001117,h,1.0,0.0,7.4,24.0,250.0,0.0,0.88,0.0,0.0,150.0
2016004614,h,1.0,0.0,7.4,60.0,250.0,0.0,0.88,0.0,0.0,150.0
2016001272,h,1.0,0.0,7.4,60.0,250.0,0.0,0.88,0.0,0.0,150.0
2016003380,h,1.0,0.0,7.4,30.0,250.0,0.0,0.88,0.0,0.0,150.0
2015008631,h,1.0,0.0,7.4,30.0,250.0,0.0,0.88,0.0,0.0,150.0
2014000854,h,1.0,0.0,7.4,24.0,250.0,0.0,0.88,0.0,0.0,150.0
2015009011,h,1.0,0.0,7.4,24.0,250.0,0.0,0.88,0.0,0.0,150.0
2014007676,h,1.0,0.0,7.4,24.0,250.0,0.0,0.88,0.0,0.0,150.0
2016007677,h,1.0,0.0,7.4,30.0,250.0,0.0,0.88,0.0,0.0,150.0
2014001247,h,1.0,0.0,7.4,40.0,250.0,0.0,0.88,0.0,0.0,150.0
2012004559,h,1.0,0.0,7.4,24.0,250.0,0.0,0.88,0.0,0.0,150.0
2016007886,h,1.0,0.0,7.4,60.0,250.0,0.0,0.88,0.0,0.0,150.0
2016002414,h,1.0,0.0,7.4,40.0,250.0,0.0,0.88,0.0,0.0,150.0
2015003039,h,1.0,0.0,7.4,60.0,250.0,0.0,0.88,0.0,0.0,150.0
2012006647,h,1.0,0.0,7.4,24.0,250.0,0.0,0.88,0.0,0.0,150.0
2014000740,h,1.0,0.0,7.4,40.0,250.0,0.0,0.88,0.0,0.0,150.0
2016006519,h,1.0,0.0,7.4,60.0,250.0,0.0,0.88,0.0,0.0,150.0
2013002180,h,1.0,0.0,7.4,75.0,250.0,0.0,0.88,0.0,0.0,150.0
2016000015,h,1.0,0.0,7.4,75.0,250.0,0.0,0.88,0.0,0.0,150.0
2014001351,h,1.0,0.0,7.4,24.0,250.0,0.0,0.88,0.0,0.0,150.0
2015008914,h,1.0,0.0,7.4,60.0,250.0,0.0,0.88,0.0,0.0,150.0
2014001970,h,1.0,0.0,7.4,30.0,250.0,0.0,0.88,0.0,0.0,150.0
2016006553,h,1.0,0.0,7.4,24.0,250.0,0.0,0.88,0.0,0.0,150.0
2015006231,h,1.0,0.0,7.4,30.0,250.0,0.0,0.88,0.0,0.0,150.0
2012008954,h,1.0,0.0,7.4,75.0,250.0,0.0,0.88,0.0,0.0,150.0
2015000337,h,1.0,0.0,7.4,30.0,250.0,0.0,0.88,0.0,0.0,150.0
2012002135,h,1.0,0.0,7.4,60.0,250.0,0.0,0.88,0.0,0.0,150.0
2016004988,h,1.0,0.0,7.4,40.0,250.0,0.0,0.88,0.0,0.0,150.0
2012001597,h,1.0,0.0,7.4,40.0,250.0,0.0,0.88,0.0,0.0,150.0
2014006978,h,1.0,0.0,7.4,24.0,250.0,0.0,0.88,0.0,0.0,150.0
2012009250,h,1.0,0.0,7.4,40.0,250.0,0.0,0.88,0.0,0.0,150.0
2012000522,h,1.0,0.0,7.4,24.0,250.0,0.0,0.88,0.0,0.0,150.0
2016005881,h,1.0,0.0,7.4,30.0,250.0,0.0,0.88,0.0,0.0,150.0
2012004404,h,1.0,0.0,7.4,40.0,250.0,0.0,0.88,0.0,0.0,150.0
2014005371,h,1.0,0.0,7.4,75.0,250.0,0.0,0.88,0.0,0.0,150.0
2015007447,h,1.0,0.0,7.4,60.0,250.0,0.0,0.88,0.0,0.0,150.0
2012000232,h,1.0,0.0,7.4,24.0,250.0,0.0,0.88,0.0,0.0,150.0
2014005301,h,1.0,0.0,7.4,24.0,250.0,0.0,0.88,0.0,0.0,150.0
2012004310,h,1.0,0.0,7.4,30.0,250.0,0.0,0.88,0.0,0.0,150.0
2013003394,h,1.0,0.0,7.4,60.0,250.0,0.0,0.88,0.0,0.0,150.0
2012001308,h,1.0,0.0,7.4,75.0,250.0,0.0,0.88,0.0,0.0,150.0
2015007118,h,1.0,0.0,7.4,30.0,250.0,0.0,0.88,0.0,0.0,150.0
2012006507,h,1.0,0.0,7.4,60.0,250.0,0.0,0.88,0.0,0.0,150.0
2015000922,h,1.0,0.0,7.4,75.0,250.0,0.0,0.88,0.0,0.0,150.0
2014000529,h,1.0,0.0,7.4,30.0,250.0,0.0,0.88,0.0,0.0,150.0
2012009871,h,1.0,0.0,7.4,30.0,250.0,0.0,0.88,0.0,0.0,150.0
2014000307,h,1.0,0.0,7.4,40.0,250.0,0.0,0.88,0.0,0.0,150.0
2013004760,h,1.0,0.0,7.4,30.0,250.0,0.0,0.88,0.0,0.0,150.0
2015006366,h,1.0,0.0,7.4,30.0,250.0,0.0,0.88,0.0,0.0,150.0
2013009281,h,1.0,0.0,7.4,24.0,250.0,0.0,0.88,0.0,0.0,150.0
2015006207,h,1.0,0.0,7.4,75.0,250.0,0.0,0.88,0.0,0.0,150.0
2012009055,h,1.0,0.0,7.4,40.0,250.0,0.0,0.88,0.0,0.0,150.0
2015001953,h,1.0,0.0,7.4,60.0,250.0,0.0,0.88,0.0,0.0,150.0
2012007440,h,1.0,0.0,7.4,30.0,250.0,0.0,0.88,0.0,0.0,150.0
2014003583,h,1.0,0.0,7.4,75.0,250.0,0.0,0.88,0.0,0.0,150.0
2013009128,h,1.0,0.0,7.4,30.0,250.0,0.0,0.88,0.0,0.0,150.0
2016008667,h,1.0,0.0,7.4,24.0,250.0,0.0,0.88,0.0,0.0,150.0
2014006591,h,1.0,0.0,7.4,60.0,250.0,0.0,0.88,0.0,0.0,150.0
2013008281,h,1.0,0.0,7.4,60.0,250.0,0.0,0.88,0.0,0.0,150.0
2014008379,h,1.0,0.0,7.4,24.0,250.0,0.0,0.88,0.0,0.0,150.0
2015000253,h,1.0,0.0,7.4,40.0,250.0,0.0,0.88,0.0,0.0,150.0
2013008023,h,1.0,0.0,7.4,75.0,250.0,0.0,0.88,0.0,0.0,150.0
2016000316,h,1.0,0.0,7.4,24.0,250.0,0.0,0.88,0.0,0.0,150.0
2013000446,h,1.0,0.0,7.4,40.0,250.0,0.0,0.88,0.0,0.0,150.0
2015007536,h,1.0,0.0,7.4,40.0,250.0,0.0,0.88,0.0,0.0,150.0
2012001732,h,1.0,0.0,7.4,24.0,250.0,0.0,0.88,0.0,0.0,150.0
2014004211,h,1.0,0.0,7.4,40.0,250.0,0.0,0.88,0.0,0.0,150.0
2012007432,h,1.0,0.0,7.4,40.0,250.0,0.0,0.88,0.0,0.0,150.0
2014001423,h,1.0,0.0,7.4,24.0,250.0,0.0,0.88,0.0,0.0,150.0
2016004697,h,1.0,0.0,7.4,40.0,250.0,0.0,0.88,0.0,0.0,150.0
2014001108,h,1.0,0.0,7.4,40.0,250.0,0.0,0.88,0.0,0.0,150.0
2014005033,h,1.0,0.0,7.4,40.0,250.0,0.0,0.88,0.0,0.0,150.0
2016002143,h,1.0,0.0,7.4,60.0,250.0,0.0,0.88,0.0,0.0,150.0
2012009715,h,1.0,0.0,7.4,75.0,250.0,0.0,0.88,0.0,0.0,150.0
2015000487,h,1.0,0.0,7.4,60.0,250.0,0.0,0.88,0.0,0.0,150.0
2015006527,h,1.0,0.0,7.4,75.0,250.0,0.0,0.88,0.0,0.0,150.0
2014002796,h,1.0,0.0,7.4,60.0,250.0,0.0,0.88,0.0,0.0,150.0
2016002515,h,1.0,0.0,7.4,60.0,250.0,0.0,0.88,0.0,0.0,150.0
2016004521,h,1.0,0.0,7.4,40.0,250.0,0.0,0.88,0.0,0.0,150.0
2012004319,h,1.0,0.0,7.4,75.0,250.0,0.0,0.88,0.0,0.0,150.0
2015005477,h,1.0,0.0,7.4,40.0,250.0,0.0,0.88,0.0,0.0,150.0
2015003850,h,1.0,0.0,7.4,75.0,250.0,0.0,0.88,0.0,0.0,150.0
2012002266,h,1.0,0.0,7.4,24.0,250.0,0.0,0.88,0.0,0.0,150.0
2012009664,h,1.0,0.0,7.4,24.0,250.0,0.0,0.88,0.0,0.0,150.0
2013000568,h,1.0,0.0,7.4,40.0,250.0,0.0,0.88,0.0,0.0,150.0
2014002514,h,1.0,0.0,7.4,60.0,250.0,0.0,0.88,0.0,0.0,150.0
2016007493,h,1.0,0.0,7.4,24.0,250.0,0.0,0.88,0.0,0.0,150.0
2015008167,h,1.0,0.0,7.4,60.0,250.0,0.0,0.88,0.0,0.0,150.0
2014000240,h,1.0,0.0,7.4,75.0,250.0,0.0,0.88,0.0,0.0,150.0
2013007252,h,1.0,0.0,7.4,30.0,250.0,0.0,0.88,0.0,0.0,150.0
2016008099,h,1.0,0.0,7.4,24.0,250.0,0.0,0.88,0.0,0.0,150.0
2012004647,h,1.0,0.0,7.4,40.0,250.0,0.0,0.88,0.0,0.0,150.0
2016000020,h,1.0,0.0,7.4,40.0,250.0,0.0,0.88,0.0,0.0,150.0
2016002570,h,1.0,0.0,7.4,30.0,250.0,0.0,0.88,0.0,0.0,150.0
2016007848,h,1.0,0.0,7.4,75.0,250.0,0.0,0.88,0.0,0.0,150.0
2013005965,h,1.0,0.0,7.4,60.0,250.0,0.0,0.88,0.0,0.0,150.0
2016009101,h,1.0,0.0,7.4,24.0,250.0,0.0,0.88,0.0,0.0,150.0
2016006103,h,1.0,0.0,7.4,75.0,250.0,0.0,0.88,0.0,0.0,150.0
2014003777,h,1.0,0.0,7.4,24.0,250.0,0.0,0.88,0.0,0.0,150.0
2012003702,h,1.0,0.0,7.4,24.0,250.0,0.0,0.88,0.0,0.0,150.0
2014000042,h,1.0,0.0,7.4,40.0,250.0,0.0,0.88,0.0,0.0,150.0
2012008171,h,1.0,0.0,7.4,24.0,250.0,0.0,0.88,0.0,0.0,150.0
2013001063,h,1.0,0.0,7.4,30.0,250.0,0.0,0.88,0.0,0.0,150.0
2013006662,h,1.0,0.0,7.4,60.0,250.0,0.0,0.88,0.0,0.0,150.0
2013004776,h,1.0,0.0,7.4,40.0,250.0,0.0,0.88,0.0,0.0,150.0
2016002872,h,1.0,0.0,7.4,75.0,250.0,0.0,0.88,0.0,0.0,150.0
2012005466,h,1.0,0.0,7.4,60.0,250.0,0.0,0.88,0.0,0.0,150.0
2015000085,h,1.0,0.0,7.4,40.0,250.0,0.0,0.88,0.0,0.0,150.0
2012004751,h,1.0,0.0,7.4,30.0,250.0,0.0,0.88,0.0,0.0,150.0
2012006440,h,1.0,0.0,7.4,60.0,250.0,0.0,0.88,0.0,0.0,150.0
2016000970,h,1.0,0.0,7.4,30.0,250.0,0.0,0.88,0.0,0.0,150.0
2016007320,h,1.0,0.0,7.4,60.0,250.0,0.0,0.88,0.0,0.0,150.0
2015006488,h,1.0,0.0,7.4,60.0,250.0,0.0,0.88,0.0,0.0,150.0
2016004940,h,1.0,0.0,7.4,24.0,250.0,0.0,0.88,0.0,0.0,150.0
2013007051,h,1.0,0.0,7.4,30.0,250.0,0.0,0.88,0.0,0.0,150.0
2012001246,h,1.0,0.0,7.4,60.0,250.0,0.0,0.88,0.0,0.0,150.0
2014000236,h,1.0,0.0,7.4,40.0,250.0,0.0,0.88,0.0,0.0,150.0
2012005859,h,1.0,0.0,7.4,24.0,250.0,0.0,0.88,0.0,0.0,150.0
2014000227,h,1.0,0.0,7.4,75.0,250.0,0.0,0.88,0.0,0.0,150.0
2013008897,h,1.0,0.0,7.4,75.0,250.0,0.0,0.88,0.0,0.0,150.0
2014000884,h,1.0,0.0,7.4,30.0,250.0,0.0,0.88,0.0,0.0,150.0
2016004695,h,1.0,0.0,7.4,24.0,250.0,0.0,0.88,0.0,0.0,150.0
2015006238,h,1.0,0.0,7.4,40.0,250.0,0.0,0.88,0.0,0.0,150.0
2012004076,h,1.0,0.0,7.4,60.0,250.0,0.0,0.88,0.0,0.0,150.0
2012002329,h,1.0,0.0,7.4,24.0,250.0,0.0,0.88,0.0,0.0,150.0
2013008921,h,1.0,0.0,7.4,60.0,250.0,0.0,0.88,0.0,0.0,150.0
2015009332,h,1.0,0.0,7.4,24.0,250.0,0.0,0.88,0.0,0.0,150.0
2015009334,h,1.0,0.0,7.4,24.0,250.0,0.0,0.88,0.0,0.0,150.0
2012007029,h,1.0,0.0,7.4,30.0,250.0,0.0,0.88,0.0,0.0,150.0
2012007687,h,1.0,0.0,7.4,75.0,250.0,0.0,0.88,0.0,0.0,150.0
2012004658,h,1.0,0.0,7.4,40.0,250.0,0.0,0.88,0.0,0.0,150.0
2012000112,h,1.0,0.0,7.4,40.0,250.0,0.0,0.88,0.0,0.0,150.0
2016007000,h,1.0,0.0,7.4,30.0,250.0,0.0,0.88,0.0,0.0,150.0
2016006690,h,1.0,0.0,7.4,60.0,250.0,0.0,0.88,0.0,0.0,150.0
2014000600,h,1.0,0.0,7.4,75.0,250.0,0.0,0.88,0.0,0.0,150.0
2013007703,h,1.0,0.0,7.4,40.0,250.0,0.0,0.88,0.0,0.0,150.0
2016000556,h,1.0,0.0,7.4,40.0,250.0,0.0,0.88,0.0,0.0,150.0
2015007260,h,1.0,0.0,7.4,75.0,250.0,0.0,0.88,0.0,0.0,150.0
2013008150,h,1.0,0.0,7.4,75.0,250.0,0.0,0.88,0.0,0.0,150.0
2016000800,h,1.0,0.0,7.4,75.0,250.0,0.0,0.88,0.0,0.0,150.0
2012002139,h,1.0,0.0,7.4,24.0,250.0,0.0,0.88,0.0,0.0,150.0
2013007311,h,1.0,0.0,7.4,60.0,250.0,0.0,0.88,0.0,0.0,150.0
2014002122,h,1.0,0.0,7.4,40.0,250.0,0.0,0.88,0.0,0.0,150.0
2014002111,h,1.0,0.0,7.4,24.0,250.0,0.0,0.88,0.0,0.0,150.0
2012004547,h,1.0,0.0,7.4,24.0,250.0,0.0,0.88,0.0,0.0,150.0
2016006454,h,1.0,0.0,7.4,40.0,250.0,0.0,0.88,0.0,0.0,150.0
2016006455,h,1.0,0.0,7.4,30.0,250.0,0.0,0.88,0.0,0.0,150.0
2014002799,h,1.0,0.0,7.4,40.0,250.0,0.0,0.88,0.0,0.0,150.0
2013001746,h,1.0,0.0,7.4,30.0,250.0,0.0,0.88,0.0,0.0,150.0
2016008532,h,1.0,0.0,7.4,24.0,250.0,0.0,0.88,0.0,0.0,150.0
2014003543,h,1.0,0.0,7.4,60.0,250.0,0.0,0.88,0.0,0.0,150.0
2015004477,h,1.0,0.0,7.4,75.0,250.0,0.0,0.88,0.0,0.0,150.0
2015001272,h,1.0,0.0,7.4,30.0,250.0,0.0,0.88,0.0,0.0,150.0
2014003953,h,1.0,0.0,7.4,75.0,250.0,0.0,0.88,0.0,0.0,150.0
2015004666,h,1.0,0.0,7.4,24.0,250.0,0.0,0.88,0.0,0.0,150.0
2014008929,h,1.0,0.0,7.4,75.0,250.0,0.0,0.88,0.0,0.0,150.0
2014002937,h,1.0,0.0,7.4,30.0,250.0,0.0,0.88,0.0,0.0,150.0
2015001549,h,1.0,0.0,7.4,60.0,250.0,0.0,0.88,0.0,0.0,150.0
2015001609,h,1.0,0.0,7.4,60.0,250.0,0.0,0.88,0.0,0.0,150.0
2015001340,h,1.0,0.0,7.4,60.0,250.0,0.0,0.88,0.0,0.0,150.0
2012001129,h,1.0,0.0,7.4,75.0,250.0,0.0,0.88,0.0,0.0,150.0
2013006323,h,1.0,0.0,7.4,24.0,250.0,0.0,0.88,0.0,0.0,150.0
2015004354,h,1.0,0.0,7.4,75.0,250.0,0.0,0.88,0.0,0.0,150.0
2015001447,h,1.0,0.0,7.4,40.0,250.0,0.0,0.88,0.0,0.0,150.0
2015001934,h,1.0,0.0,7.4,40.0,250.0,0.0,0.88,0.0,0.0,150.0
2013000914,h,1.0,0.0,7.4,40.0,250.0,0.0,0.88,0.0,0.0,150.0
2015005138,h,1.0,0.0,7.4,30.0,250.0,0.0,0.88,0.0,0.0,150.0
2016008880,h,1.0,0.0,7.4,75.0,250.0,0.0,0.88,0.0,0.0,150.0
2012009752,h,1.0,0.0,7.4,24.0,250.0,0.0,0.88,0.0,0.0,150.0
2014006846,h,1.0,0.0,7.4,60.0,250.0,0.0,0.88,0.0,0.0,150.0
2014006903,h,1.0,0.0,7.4,75.0,250.0,0.0,0.88,0.0,0.0,150.0
2014002622,h,1.0,0.0,7.4,75.0,250.0,0.0,0.88,0.0,0.0,150.0
2014005678,h,1.0,0.0,7.4,75.0,250.0,0.0,0.88,0.0,0.0,150.0
2013004327,h,1.0,0.0,7.4,60.0,250.0,0.0,0.88,0.0,0.0,150.0
2014007747,h,1.0,0.0,7.4,30.0,250.0,0.0,0.88,0.0,0.0,150.0
2013002873,h,1.0,0.0,7.4,24.0,250.0,0.0,0.88,0.0,0.0,150.0
2014008107,h,1.0,0.0,7.4,60.0,250.0,0.0,0.88,0.0,0.0,150.0
2015005457,h,1.0,0.0,7.4,60.0,250.0,0.0,0.88,0.0,0.0,150.0
2014007970,h,1.0,0.0,7.4,30.0,250.0,0.0,0.88,0.0,0.0,150.0
2014007971,h,1.0,0.0,7.4,60.0,250.0,0.0,0.88,0.0,0.0,150.0
2014007998,h,1.0,0.0,7.4,30.0,250.0,0.0,0.88,0.0,0.0,150.0
2014008024,h,1.0,0.0,7.4,75.0,250.0,0.0,0.88,0.0,0.0,150.0
2013005274,h,1.0,0.0,7.4,75.0,250.0,0.0,0.88,0.0,0.0,150.0
2014007480,h,1.0,0.0,7.4,24.0,250.0,0.0,0.88,0.0,0.0,150.0
2014007395,h,1.0,0.0,7.4,75.0,250.0,0.0,0.88,0.0,0.0,150.0
2016005828,h,1.0,0.0,7.4,24.0,250.0,0.0,0.88,0.0,0.0,150.0
2013005790,h,1.0,0.0,7.4,75.0,250.0,0.0,0.88,0.0,0.0,150.0
2015005209,h,1.0,0.0,7.4,75.0,250.0,0.0,0.88,0.0,0.0,150.0
2014000100,h,1.0,0.0,7.4,40.0,250.0,0.0,0.88,0.0,0.0,150.0
2015007888,h,1.0,0.0,7.4,40.0,250.0,0.0,0.88,0.0,0.0,150.0
2015007649,h,1.0,0.0,7.4,30.0,250.0,0.0,0.88,0.0,0.0,150.0
2013003074,h,1.0,0.0,7.4,24.0,250.0,0.0,0.88,0.0,0.0,150.0
2016000043,h,1.0,0.0,7.4,40.0,250.0,0.0,0.88,0.0,0.0,150.0
2014006816,h,1.0,0.0,7.4,24.0,250.0,0.0,0.88,0.0,0.0,150.0
2016007989,h,1.0,0.0,7.4,75.0,250.0,0.0,0.88,0.0,0.0,150.0
2012006589,h,1.0,0.0,7.4,75.0,250.0,0.0,0.88,0.0,0.0,150.0
2014006780,h,1.0,0.0,7.4,30.0,250.0,0.0,0.88,0.0,0.0,150.0
2015009165,h,1.0,0.0,7.4,30.0,250.0,0.0,0.88,0.0,0.0,150.0
2012008245,h,1.0,0.0,7.4,75.0,250.0,0.0,0.88,0.0,0.0,150.0
2012006734,h,1.0,0.0,7.4,60.0,250.0,0.0,0.88,0.0,0.0,150.0
2013006861,h,1.0,0.0,7.4,30.0,250.0,0.0,0.88,0.0,0.0,150.0
2015005803,h,1.0,0.0,7.4,30.0,250.0,0.0,0.88,0.0,0.0,150.0
2012005456,h,1.0,0.0,7.4,30.0,250.0,0.0,0.88,0.0,0.0,150.0
2015000075,h,1.0,0.0,7.4,75.0,250.0,0.0,0.88,0.0,0.0,150.0
2013002082,h,1.0,0.0,7.4,30.0,250.0,0.0,0.88,0.0,0.0,150.0
2012001266,h,1.0,0.0,7.4,30.0,250.0,0.0,0.88,0.0,0.0,150.0
2014000807,h,1.0,0.0,7.4,24.0,250.0,0.0,0.88,0.0,0.0,150.0
2013009337,h,1.0,0.0,7.4,30.0,250.0,0.0,0.88,0.0,0.0,150.0
2013004380,h,1.0,0.0,7.4,24.0,250.0,0.0,0.88,0.0,0.0,150.0
2015004535,h,1.0,0.0,7.4,24.0,250.0,0.0,0.88,0.0,0.0,150.0
2015004196,h,1.0,0.0,7.4,75.0,250.0,0.0,0.88,0.0,0.0,150.0
2012009662,h,1.0,0.0,7.4,75.0,250.0,0.0,0.88,0.0,0.0,150.0
2013003009,h,1.0,0.0,7.4,40.0,250.0,0.0,0.88,0.0,0.0,150.0
2013002942,h,1.0,0.0,7.4,30.0,250.0,0.0,0.88,0.0,0.0,150.0
2016005075,h,1.0,0.0,7.4,30.0,250.0,0.0,0.88,0.0,0.0,150.0
2016007445,h,1.0,0.0,7.4,60.0,250.0,0.0,0.88,0.0,0.0,150.0
2015004834,h,1.0,0.0,7.4,60.0,250.0,0.0,0.88,0.0,0.0,150.0
2014000274,h,1.0,0.0,7.4,75.0,250.0,0.0,0.88,0.0,0.0,150.0
2014007184,h,1.0,0.0,7.4,30.0,250.0,0.0,0.88,0.0,0.0,150.0
2014000457,h,1.0,0.0,7.4,75.0,250.0,0.0,0.88,0.0,0.0,150.0
2014008288,h,1.0,0.0,7.4,40.0,250.0,0.0,0.88,0.0,0.0,150.0
2012004095,h,1.0,0.0,7.4,24.0,250.0,0.0,0.88,0.0,0.0,150.0
2012006591,h,1.0,0.0,7.4,60.0,250.0,0.0,0.88,0.0,0.0,150.0
2014006097,h,1.0,0.0,7.4,75.0,250.0,0.0,0.88,0.0,0.0,150.0
2016001243,h,1.0,0.0,7.4,24.0,250.0,0.0,0.88,0.0,0.0,150.0
2013008428,h,1.0,0.0,7.4,60.0,250.0,0.0,0.88,0.0,0.0,150.0
2014002808,h,1.0,0.0,7.4,75.0,250.0,0.0,0.88,0.0,0.0,150.0
2016006232,h,1.0,0.0,7.4,75.0,250.0,0.0,0.88,0.0,0.0,150.0
2012001409,h,1.0,0.0,7.4,40.0,250.0,0.0,0.88,0.0,0.0,150.0
2014000348,h,1.0,0.0,7.4,60.0,250.0,0.0,0.88,0.0,0.0,150.0
2016006398,h,1.0,0.0,7.4,40.0,250.0,0.0,0.88,0.0,0.0,150.0
2015001074,h,1.0,0.0,7.4,60.0,250.0,0.0,0.88,0.0,0.0,150.0
2012003537,h,1.0,0.0,7.4,24.0,250.0,0.0,0.88,0.0,0.0,150.0
2012005336,h,1.0,0.0,7.4,30.0,250.0,0.0,0.88,0.0,0.0,150.0
2013002572,h,1.0,0.0,7.4,75.0,250.0,0.0,0.88,0.0,0.0,150.0
2016002386,h,1.0,0.0,7.4,75.0,250.0,0.0,0.88,0.0,0.0,150.0
2014002759,h,1.0,0.0,7.4,60.0,250.0,0.0,0.88,0.0,0.0,150.0
2014008925,h,1.0,0.0,7.4,30.0,250.0,0.0,0.88,0.0,0.0,150.0
2016009153,h,1.0,0.0,7.4,30.0,250.0,0.0,0.88,0.0,0.0,150.0
2012008998,h,1.0,0.0,7.4,60.0,250.0,0.0,0.88,0.0,0.0,150.0
2014004407,h,1.0,0.0,7.4,24.0,250.0,0.0,0.88,0.0,0.0,150.0
2016003840,h,1.0,0.0,7.4,30.0,250.0,0.0,0.88,0.0,0.0,150.0
2013008067,h,1.0,0.0,7.4,30.0,250.0,0.0,0.88,0.0,0.0,150.0
2012000984,h,1.0,0.0,7.4,40.0,250.0,0.0,0.88,0.0,0.0,150.0
2014006323,h,1.0,0.0,7.4,40.0,250.0,0.0,0.88,0.0,0.0,150.0
2013002871,h,1.0,0.0,7.4,40.0,250.0,0.0,0.88,0.0,0.0,150.0
2014000976,h,1.0,0.0,7.4,24.0,250.0,0.0,0.88,0.0,0.0,150.0
2015007861,h,1.0,0.0,7.4,60.0,250.0,0.0,0.88,0.0,0.0,150.0
2015009286,h,1.0,0.0,7.4,75.0,250.0,0.0,0.88,0.0,0.0,150.0
2015009278,h,1.0,0.0,7.4,40.0,250.0,0.0,0.88,0.0,0.0,150.0
2015006910,h,1.0,0.0,7.4,24.0,250.0,0.0,0.88,0.0,0.0,150.0
2012007512,h,1.0,0.0,7.4,75.0,250.0,0.0,0.88,0.0,0.0,150.0
2016008982,h,1.0,0.0,7.4,40.0,250.0,0.0,0.88,0.0,0.0,150.0
2013007497,h,1.0,0.0,7.4,60.0,250.0,0.0,0.88,0.0,0.0,150.0
2013000041,h,1.0,0.0,7.4,75.0,250.0,0.0,0.88,0.0,0.0,150.0
2013000621,h,1.0,0.0,7.4,60.0,250.0,0.0,0.88,0.0,0.0,150.0
2016006941,h,1.0,0.0,7.4,24.0,250.0,0.0,0.88,0.0,0.0,150.0
2014003270,h,1.0,0.0,7.4,24.0,250.0,0.0,0.88,0.0,0.0,150.0
2014002938,h,1.0,0.0,7.4,24.0,250.0,0.0,0.88,0.0,0.0,150.0
2015009135,h,1.0,0.0,7.4,40.0,250.0,0.0,0.88,0.0,0.0,150.0
2012000221,h,1.0,0.0,7.4,75.0,250.0,0.0,0.88,0.0,0.0,150.0
2016008407,h,1.0,0.0,7.4,60.0,250.0,0.0,0.88,0.0,0.0,150.0
2012009383,h,1.0,0.0,7.4,24.0,250.0,0.0,0.88,0.0,0.0,150.0
2013008397,h,1.0,0.0,7.4,75.0,250.0,0.0,0.88,0.0,0.0,150.0
2012000661,h,1.0,0.0,7.4,60.0,250.0,0.0,0.88,0.0,0.0,150.0
2016008258,h,1.0,0.0,7.4,24.0,250.0,0.0,0.88,0.0,0.0,150.0
2014003187,h,1.0,0.0,7.4,75.0,250.0,0.0,0.88,0.0,0.0,150.0
2015008512,h,1.0,0.0,7.4,60.0,250.0,0.0,0.88,0.0,0.0,150.0
2012007311,h,1.0,0.0,7.4,60.0,250.0,0.0,0.88,0.0,0.0,150.0
2015000388,h,1.0,0.0,7.4,30.0,250.0,0.0,0.88,0.0,0.0,150.0
2013002230,h,1.0,0.0,7.4,75.0,250.0,0.0,0.88,0.0,0.0,150.0
2014002925,h,1.0,0.0,7.4,75.0,250.0,0.0,0.88,0.0,0.0,150.0
2014000875,h,1.0,0.0,7.4,30.0,250.0,0.0,0.88,0.0,0.0,150.0
2013000342,h,1.0,0.0,7.4,60.0,250.0,0.0,0.88,0.0,0.0,150.0
2014001608,h,1.0,0.0,7.4,75.0,250.0,0.0,0.88,0.0,0.0,150.0
2016002010,h,1.0,0.0,7.4,40.0,250.0,0.0,0.88,0.0,0.0,150.0
2016002007,h,1.0,0.0,7.4,24.0,250.0,0.0,0.88,0.0,0.0,150.0
2014005946,h,1.0,0.0,7.4,40.0,250.0,0.0,0.88,0.0,0.0,150.0
2016000882,h,1.0,0.0,7.4,60.0,250.0,0.0,0.88,0.0,0.0,150.0
2014001459,h,1.0,0.0,7.4,75.0,250.0,0.0,0.88,0.0,0.0,150.0
2014005886,h,1.0,0.0,7.4,30.0,250.0,0.0,0.88,0.0,0.0,150.0
2015003490,h,1.0,0.0,7.4,24.0,250.0,0.0,0.88,0.0,0.0,150.0
2015009290,h,1.0,0.0,7.4,40.0,250.0,0.0,0.88,0.0,0.0,150.0
2016006193,h,1.0,0.0,7.4,24.0,250.0,0.0,0.88,0.0,0.0,150.0
2016009097,h,1.0,0.0,7.4,30.0,250.0,0.0,0.88,0.0,0.0,150.0
2014000311,h,1.0,0.0,7.4,30.0,250.0,0.0,0.88,0.0,0.0,150.0
2013007834,h,1.0,0.0,7.4,75.0,250.0,0.0,0.88,0.0,0.0,150.0
2014003457,h,1.0,0.0,7.4,24.0,250.0,0.0,0.88,0.0,0.0,150.0
2016000198,h,1.0,0.0,7.4,75.0,250.0,0.0,0.88,0.0,0.0,150.0
2015005290,h,1.0,0.0,7.4,24.0,250.0,0.0,0.88,0.0,0.0,150.0
2012003167,h,1.0,0.0,7.4,30.0,250.0,0.0,0.88,0.0,0.0,150.0
2013007731,h,1.0,0.0,7.4,75.0,250.0,0.0,0.88,0.0,0.0,150.0
2012000371,h,1.0,0.0,7.4,30.0,250.0,0.0,0.88,0.0,0.0,150.0
2016003882,h,1.0,0.0,7.4,30.0,250.0,0.0,0.88,0.0,0.0,150.0
2014000458,h,1.0,0.0,7.4,60.0,250.0,0.0,0.88,0.0,0.0,150.0
2012002173,h,1.0,0.0,7.4,60.0,250.0,0.0,0.88,0.0,0.0,150.0
2014001892,h,1.0,0.0,7.4,30.0,250.0,0.0,0.88,0.0,0.0,150.0
2014000327,h,1.0,0.0,7.4,30.0,250.0,0.0,0.88,0.0,0.0,150.0
2015006168,h,1.0,0.0,7.4,75.0,250.0,0.0,0.88,0.0,0.0,150.0
2016007402,h,1.0,0.0,7.4,75.0,250.0,0.0,0.88,0.0,0.0,150.0
2016005109,h,1.0,0.0,7.4,40.0,250.0,0.0,0.88,0.0,0.0,150.0
2012004914,h,1.0,0.0,7.4,40.0,250.0,0.0,0.88,0.0,0.0,150.0
2012010671,h,1.0,0.0,7.4,30.0,250.0,0.0,0.88,0.0,0.0,150.0
2013008411,h,1.0,0.0,7.4,24.0,250.0,0.0,0.88,0.0,0.0,150.0
2014001560,h,1.0,0.0,7.4,30.0,250.0,0.0,0.88,0.0,0.0,150.0
2012003025,h,1.0,0.0,7.4,24.0,250.0,0.0,0.88,0.0,0.0,150.0
2016002136,h,1.0,0.0,7.4,24.0,250.0,0.0,0.88,0.0,0.0,150.0
2016001143,h,1.0,0.0,7.4,75.0,250.0,0.0,0.88,0.0,0.0,150.0
2014001538,h,1.0,0.0,7.4,30.0,250.0,0.0,0.88,0.0,0.0,150.0
2014008667,h,1.0,0.0,7.4,24.0,250.0,0.0,0.88,0.0,0.0,150.0
2014003334,h,1.0,0.0,7.4,30.0,250.0,0.0,0.88,0.0,0.0,150.0
2012009704,h,1.0,0.0,7.4,60.0,250.0,0.0,0.88,0.0,0.0,150.0
2015006913,h,1.0,0.0,7.4,30.0,250.0,0.0,0.88,0.0,0.0,150.0
2013009371,h,1.0,0.0,7.4,30.0,250.0,0.0,0.88,0.0,0.0,150.0
2016004791,h,1.0,0.0,7.4,24.0,250.0,0.0,0.88,0.0,0.0,150.0
2013004822,h,1.0,0.0,7.4,75.0,250.0,0.0,0.88,0.0,0.0,150.0
2012004077,h,1.0,0.0,7.4,75.0,250.0,0.0,0.88,0.0,0.0,150.0
2013004705,h,1.0,0.0,7.4,24.0,250.0,0.0,0.88,0.0,0.0,150.0
2014007200,h,1.0,0.0,7.4,75.0,250.0,0.0,0.88,0.0,0.0,150.0
2016006278,h,1.0,0.0,7.4,24.0,250.0,0.0,0.88,0.0,0.0,150.0
2016004679,h,1.0,0.0,7.4,24.0,250.0,0.0,0.88,0.0,0.0,150.0
2013004594,h,1.0,0.0,7.4,30.0,250.0,0.0,0.88,0.0,0.0,150.0
2016006348,h,1.0,0.0,7.4,24.0,250.0,0.0,0.88,0.0,0.0,150.0
2016005212,h,1.0,0.0,7.4,24.0,250.0,0.0,0.88,0.0,0.0,150.0
2014005410,h,1.0,0.0,7.4,24.0,250.0,0.0,0.88,0.0,0.0,150.0
2015005162,h,1.0,0.0,7.4,30.0,250.0,0.0,0.88,0.0,0.0,150.0
2013004126,h,1.0,0.0,7.4,30.0,250.0,0.0,0.88,0.0,0.0,150.0
2012003652,h,1.0,0.0,7.4,60.0,250.0,0.0,0.88,0.0,0.0,150.0
2014004557,h,1.0,0.0,7.4,60.0,250.0,0.0,0.88,0.0,0.0,150.0
2012002676,h,1.0,0.0,7.4,60.0,250.0,0.0,0.88,0.0,0.0,150.0
2013009028,h,1.0,0.0,7.4,24.0,250.0,0.0,0.88,0.0,0.0,150.0
2013006954,h,1.0,0.0,7.4,24.0,250.0,0.0,0.88,0.0,0.0,150.0
2013007836,h,1.0,0.0,7.4,40.0,250.0,0.0,0.88,0.0,0.0,150.0
2015004378,h,1.0,0.0,7.4,30.0,250.0,0.0,0.88,0.0,0.0,150.0
2015001446,h,1.0,0.0,7.4,30.0,250.0,0.0,0.88,0.0,0.0,150.0
2012007234,h,1.0,0.0,7.4,24.0,250.0,0.0,0.88,0.0,0.0,150.0
2012007239,h,1.0,0.0,7.4,40.0,250.0,0.0,0.88,0.0,0.0,150.0
2015006818,h,1.0,0.0,7.4,60.0,250.0,0.0,0.88,0.0,0.0,150.0
2012007134,h,1.0,0.0,7.4,30.0,250.0,0.0,0.88,0.0,0.0,150.0
2012007012,h,1.0,0.0,7.4,40.0,250.0,0.0,0.88,0.0,0.0,150.0
2015009236,h,1.0,0.0,7.4,24.0,250.0,0.0,0.88,0.0,0.0,150.0
2015006955,h,1.0,0.0,7.4,30.0,250.0,0.0,0.88,0.0,0.0,150.0
2015007020,h,1.0,0.0,7.4,60.0,250.0,0.0,0.88,0.0,0.0,150.0
2013001286,h,1.0,0.0,7.4,60.0,250.0,0.0,0.88,0.0,0.0,150.0
2013007921,h,1.0,0.0,7.4,75.0,250.0,0.0,0.88,0.0,0.0,150.0
2013007230,h,1.0,0.0,7.4,30.0,250.0,0.0,0.88,0.0,0.0,150.0
2015000934,h,1.0,0.0,7.4,24.0,250.0,0.0,0.88,0.0,0.0,150.0
2015001306,h,1.0,0.0,7.4,40.0,250.0,0.0,0.88,0.0,0.0,150.0
2013001174,h,1.0,0.0,7.4,75.0,250.0,0.0,0.88,0.0,0.0,150.0
2015003101,h,1.0,0.0,7.4,30.0,250.0,0.0,0.88,0.0,0.0,150.0
2015007758,h,1.0,0.0,7.4,30.0,250.0,0.0,0.88,0.0,0.0,150.0
2012007820,h,1.0,0.0,7.4,40.0,250.0,0.0,0.88,0.0,0.0,150.0
2015008043,h,1.0,0.0,7.4,30.0,250.0,0.0,0.88,0.0,0.0,150.0
2014003123,h,1.0,0.0,7.4,40.0,250.0,0.0,0.88,0.0,0.0,150.0
2012008081,h,1.0,0.0,7.4,30.0,250.0,0.0,0.88,0.0,0.0,150.0
2013007350,h,1.0,0.0,7.4,40.0,250.0,0.0,0.88,0.0,0.0,150.0
2015007243,h,1.0,0.0,7.4,75.0,250.0,0.0,0.88,0.0,0.0,150.0
2012007520,h,1.0,0.0,7.4,75.0,250.0,0.0,0.88,0.0,0.0,150.0
2013000537,h,1.0,0.0,7.4,40.0,250.0,0.0,0.88,0.0,0.0,150.0
2015008153,h,1.0,0.0,7.4,40.0,250.0,0.0,0.88,0.0,0.0,150.0
2014003204,h,1.0,0.0,7.4,60.0,250.0,0.0,0.88,0.0,0.0,150.0
2013002602,h,1.0,0.0,7.4,75.0,250.0,0.0,0.88,0.0,0.0,150.0
2013002611,h,1.0,0.0,7.4,24.0,250.0,0.0,0.88,0.0,0.0,150.0
2014008558,h,1.0,0.0,7.4,75.0,250.0,0.0,0.88,0.0,0.0,150.0
2014000372,h,1.0,0.0,7.4,40.0,250.0,0.0,0.88,0.0,0.0,150.0
2012009189,h,1.0,0.0,7.4,40.0,250.0,0.0,0.88,0.0,0.0,150.0
2015006149,h,1.0,0.0,7.4,30.0,250.0,0.0,0.88,0.0,0.0,150.0
2016004007,h,1.0,0.0,7.4,24.0,250.0,0.0,0.88,0.0,0.0,150.0
2014003759,h,1.0,0.0,7.4,60.0,250.0,0.0,0.88,0.0,0.0,150.0
2015000243,h,1.0,0.0,7.4,24.0,250.0,0.0,0.88,0.0,0.0,150.0
2015000298,h,1.0,0.0,7.4,40.0,250.0,0.0,0.88,0.0,0.0,150.0
2016001523,h,1.0,0.0,7.4,40.0,250.0,0.0,0.88,0.0,0.0,150.0
2013006059,h,1.0,0.0,7.4,60.0,250.0,0.0,0.88,0.0,0.0,150.0
2016002606,h,1.0,0.0,7.4,75.0,250.0,0.0,0.88,0.0,0.0,150.0
2013002116,h,1.0,0.0,7.4,75.0,250.0,0.0,0.88,0.0,0.0,150.0
2016002757,h,1.0,0.0,7.4,24.0,250.0,0.0,0.88,0.0,0.0,150.0
2012005455,h,1.0,0.0,7.4,30.0,250.0,0.0,0.88,0.0,0.0,150.0
2012009503,h,1.0,0.0,7.4,24.0,250.0,0.0,0.88,0.0,0.0,150.0
2012001221,h,1.0,0.0,7.4,40.0,250.0,0.0,0.88,0.0,0.0,150.0
2012001383,h,1.0,0.0,7.4,30.0,250.0,0.0,0.88,0.0,0.0,150.0
2016008728,h,1.0,0.0,7.4,60.0,250.0,0.0,0.88,0.0,0.0,150.0
2012000767,h,1.0,0.0,7.4,60.0,250.0,0.0,0.88,0.0,0.0,150.0
2012001148,h,1.0,0.0,7.4,60.0,250.0,0.0,0.88,0.0,0.0,150.0
2012000969,h,1.0,0.0,7.4,30.0,250.0,0.0,0.88,0.0,0.0,150.0
2016007682,h,1.0,0.0,7.4,60.0,250.0,0.0,0.88,0.0,0.0,150.0
2016007931,h,1.0,0.0,7.4,60.0,250.0,0.0,0.88,0.0,0.0,150.0
2012001650,h,1.0,0.0,7.4,75.0,250.0,0.0,0.88,0.0,0.0,150.0
2016005818,h,1.0,0.0,7.4,40.0,250.0,0.0,0.88,0.0,0.0,150.0
2015000300,h,1.0,0.0,7.4,60.0,250.0,0.0,0.88,0.0,0.0,150.0
2013003601,h,1.0,0.0,7.4,60.0,250.0,0.0,0.88,0.0,0.0,150.0
2012004070,h,1.0,0.0,7.4,60.0,250.0,0.0,0.88,0.0,0.0,150.0
2014008763,h,1.0,0.0,7.4,40.0,250.0,0.0,0.88,0.0,0.0,150.0
2015005532,h,1.0,0.0,7.4,30.0,250.0,0.0,0.88,0.0,0.0,150.0
2015001612,h,1.0,0.0,7.4,30.0,250.0,0.0,0.88,0.0,0.0,150.0
2012007627,h,1.0,0.0,7.4,60.0,250.0,0.0,0.88,0.0,0.0,150.0
2012008552,h,1.0,0.0,7.4,40.0,250.0,0.0,0.88,0.0,0.0,150.0
2014003626,h,1.0,0.0,7.4,40.0,250.0,0.0,0.88,0.0,0.0,150.0
2012004615,h,1.0,0.0,7.4,40.0,250.0,0.0,0.88,0.0,0.0,150.0
2015001347,h,1.0,0.0,7.4,40.0,250.0,0.0,0.88,0.0,0.0,150.0
2013004390,h,1.0,0.0,7.4,40.0,250.0,0.0,0.88,0.0,0.0,150.0
2014000643,h,1.0,0.0,7.4,24.0,250.0,0.0,0.88,0.0,0.0,150.0
2013004481,h,1.0,0.0,7.4,40.0,250.0,0.0,0.88,0.0,0.0,150.0
2014007379,h,1.0,0.0,7.4,24.0,250.0,0.0,0.88,0.0,0.0,150.0
2012003279,h,1.0,0.0,7.4,30.0,250.0,0.0,0.88,0.0,0.0,150.0
2013005791,h,1.0,0.0,7.4,30.0,250.0,0.0,0.88,0.0,0.0,150.0
2014002888,h,1.0,0.0,7.4,40.0,250.0,0.0,0.88,0.0,0.0,150.0
2015002225,h,1.0,0.0,7.4,75.0,250.0,0.0,0.88,0.0,0.0,150.0
2016003617,h,1.0,0.0,7.4,40.0,250.0,0.0,0.88,0.0,0.0,150.0
2012006745,h,1.0,0.0,7.4,40.0,250.0,0.0,0.88,0.0,0.0,150.0
2012004315,h,1.0,0.0,7.4,40.0,250.0,0.0,0.88,0.0,0.0,150.0
2013009280,h,1.0,0.0,7.4,75.0,250.0,0.0,0.88,0.0,0.0,150.0
2013009267,h,1.0,0.0,7.4,40.0,250.0,0.0,0.88,0.0,0.0,150.0
2016002506,h,1.0,0.0,7.4,30.0,250.0,0.0,0.88,0.0,0.0,150.0
2013002268,h,1.0,0.0,7.4,40.0,250.0,0.0,0.88,0.0,0.0,150.0
2012002798,h,1.0,0.0,7.4,40.0,250.0,0.0,0.88,0.0,0.0,150.0
2016006676,h,1.0,0.0,7.4,30.0,250.0,0.0,0.88,0.0,0.0,150.0
2012005448,h,1.0,0.0,7.4,30.0,250.0,0.0,0.88,0.0,0.0,150.0
2013002558,h,1.0,0.0,7.4,24.0,250.0,0.0,0.88,0.0,0.0,150.0
2016001994,h,1.0,0.0,7.4,30.0,250.0,0.0,0.88,0.0,0.0,150.0
2012006991,h,1.0,0.0,7.4,60.0,250.0,0.0,0.88,0.0,0.0,150.0
2012002563,h,1.0,0.0,7.4,40.0,250.0,0.0,0.88,0.0,0.0,150.0
2014005754,h,1.0,0.0,7.4,40.0,250.0,0.0,0.88,0.0,0.0,150.0
2013003309,h,1.0,0.0,7.4,75.0,250.0,0.0,0.88,0.0,0.0,150.0
2015008066,h,1.0,0.0,7.4,24.0,250.0,0.0,0.88,0.0,0.0,150.0
2014000294,h,1.0,0.0,7.4,75.0,250.0,0.0,0.88,0.0,0.0,150.0
2015003766,h,1.0,0.0,7.4,60.0,250.0,0.0,0.88,0.0,0.0,150.0
2016004782,h,1.0,0.0,7.4,24.0,250.0,0.0,0.88,0.0,0.0,150.0
2013007093,h,1.0,0.0,7.4,30.0,250.0,0.0,0.88,0.0,0.0,150.0
2013009029,h,1.0,0.0,7.4,75.0,250.0,0.0,0.88,0.0,0.0,150.0
2014002469,h,1.0,0.0,7.4,75.0,250.0,0.0,0.88,0.0,0.0,150.0
2015002125,h,1.0,0.0,7.4,40.0,250.0,0.0,0.88,0.0,0.0,150.0
2015005837,h,1.0,0.0,7.4,75.0,250.0,0.0,0.88,0.0,0.0,150.0
2015004150,h,1.0,0.0,7.4,24.0,250.0,0.0,0.88,0.0,0.0,150.0
2016005108,h,1.0,0.0,7.4,60.0,250.0,0.0,0.88,0.0,0.0,150.0
2016003129,h,1.0,0.0,7.4,75.0,250.0,0.0,0.88,0.0,0.0,150.0
2016008217,h,1.0,0.0,7.4,40.0,250.0,0.0,0.88,0.0,0.0,150.0
2015003616,h,1.0,0.0,7.4,40.0,250.0,0.0,0.88,0.0,0.0,150.0
2013004381,h,1.0,0.0,7.4,30.0,250.0,0.0,0.88,0.0,0.0,150.0
2014004954,h,1.0,0.0,7.4,75.0,250.0,0.0,0.88,0.0,0.0,150.0
2016004691,h,1.0,0.0,7.4,24.0,250.0,0.0,0.88,0.0,0.0,150.0
2014003936,h,1.0,0.0,7.4,60.0,250.0,0.0,0.88,0.0,0.0,150.0
2016009150,h,1.0,0.0,7.4,24.0,250.0,0.0,0.88,0.0,0.0,150.0
2012007421,h,1.0,0.0,7.4,75.0,250.0,0.0,0.88,0.0,0.0,150.0
2013006609,h,1.0,0.0,7.4,60.0,250.0,0.0,0.88,0.0,0.0,150.0
2012002876,h,1.0,0.0,7.4,60.0,250.0,0.0,0.88,0.0,0.0,150.0
2016006577,h,1.0,0.0,7.4,24.0,250.0,0.0,0.88,0.0,0.0,150.0
2015002100,h,1.0,0.0,7.4,60.0,250.0,0.0,0.88,0.0,0.0,150.0
2016007517,h,1.0,0.0,7.4,24.0,250.0,0.0,0.88,0.0,0.0,150.0
2014004119,h,1.0,0.0,7.4,60.0,250.0,0.0,0.88,0.0,0.0,150.0
2014003878,h,1.0,0.0,7.4,40.0,250.0,0.0,0.88,0.0,0.0,150.0
2012003465,h,1.0,0.0,7.4,60.0,250.0,0.0,0.88,0.0,0.0,150.0
2012007277,h,1.0,0.0,7.4,60.0,250.0,0.0,0.88,0.0,0.0,150.0
2013002119,h,1.0,0.0,7.4,60.0,250.0,0.0,0.88,0.0,0.0,150.0
2012005335,h,1.0,0.0,7.4,60.0,250.0,0.0,0.88,0.0,0.0,150.0
2013006483,h,1.0,0.0,7.4,75.0,250.0,0.0,0.88,0.0,0.0,150.0
2015002144,h,1.0,0.0,7.4,30.0,250.0,0.0,0.88,0.0,0.0,150.0
2014004371,h,1.0,0.0,7.4,75.0,250.0,0.0,0.88,0.0,0.0,150.0
2012005270,h,1.0,0.0,7.4,24.0,250.0,0.0,0.88,0.0,0.0,150.0
2013006591,h,1.0,0.0,7.4,40.0,250.0,0.0,0.88,0.0,0.0,150.0
2012002473,h,1.0,0.0,7.4,75.0,250.0,0.0,0.88,0.0,0.0,150.0
2016008619,h,1.0,0.0,7.4,40.0,250.0,0.0,0.88,0.0,0.0,150.0
2014004202,h,1.0,0.0,7.4,24.0,250.0,0.0,0.88,0.0,0.0,150.0
2014003327,h,1.0,0.0,7.4,30.0,250.0,0.0,0.88,0.0,0.0,150.0
2016007995,h,1.0,0.0,7.4,60.0,250.0,0.0,0.88,0.0,0.0,150.0
2012009065,h,1.0,0.0,7.4,75.0,250.0,0.0,0.88,0.0,0.0,150.0
2016001231,h,1.0,0.0,7.4,24.0,250.0,0.0,0.88,0.0,0.0,150.0
2016008291,h,1.0,0.0,7.4,30.0,250.0,0.0,0.88,0.0,0.0,150.0
2014006785,h,1.0,0.0,7.4,24.0,250.0,0.0,0.88,0.0,0.0,150.0
2016000527,h,1.0,0.0,7.4,75.0,250.0,0.0,0.88,0.0,0.0,150.0
2016006132,h,1.0,0.0,7.4,75.0,250.0,0.0,0.88,0.0,0.0,150.0
2013000024,h,1.0,0.0,7.4,24.0,250.0,0.0,0.88,0.0,0.0,150.0
2015000561,h,1.0,0.0,7.4,30.0,250.0,0.0,0.88,0.0,0.0,150.0
2015001581,h,1.0,0.0,7.4,75.0,250.0,0.0,0.88,0.0,0.0,150.0
2016001328,h,1.0,0.0,7.4,75.0,250.0,0.0,0.88,0.0,0.0,150.0
2013009168,h,1.0,0.0,7.4,60.0,250.0,0.0,0.88,0.0,0.0,150.0
2013007077,h,1.0,0.0,7.4,40.0,250.0,0.0,0.88,0.0,0.0,150.0
2016006497,h,1.0,0.0,7.4,40.0,250.0,0.0,0.88,0.0,0.0,150.0
2012000829,h,1.0,0.0,7.4,75.0,250.0,0.0,0.88,0.0,0.0,150.0
2016007427,h,1.0,0.0,7.4,40.0,250.0,0.0,0.88,0.0,0.0,150.0
2015002452,h,1.0,0.0,7.4,40.0,250.0,0.0,0.88,0.0,0.0,150.0
2012002007,h,1.0,0.0,7.4,30.0,250.0,0.0,0.88,0.0,0.0,150.0
2013003179,h,1.0,0.0,7.4,30.0,250.0,0.0,0.88,0.0,0.0,150.0
2016004141,h,1.0,0.0,7.4,24.0,250.0,0.0,0.88,0.0,0.0,150.0
2016000144,h,1.0,0.0,7.4,30.0,250.0,0.0,0.88,0.0,0.0,150.0
2014005679,h,1.0,0.0,7.4,60.0,250.0,0.0,0.88,0.0,0.0,150.0
2015005310,h,1.0,0.0,7.4,40.0,250.0,0.0,0.88,0.0,0.0,150.0
2012006073,h,1.0,0.0,7.4,30.0,250.0,0.0,0.88,0.0,0.0,150.0
2014008396,h,1.0,0.0,7.4,40.0,250.0,0.0,0.88,0.0,0.0,150.0
2015007215,h,1.0,0.0,7.4,60.0,250.0,0.0,0.88,0.0,0.0,150.0
2015000618,h,1.0,0.0,7.4,40.0,250.0,0.0,0.88,0.0,0.0,150.0
2012006923,h,1.0,0.0,7.4,40.0,250.0,0.0,0.88,0.0,0.0,150.0
2016001515,h,1.0,0.0,7.4,75.0,250.0,0.0,0.88,0.0,0.0,150.0
2016000322,h,1.0,0.0,7.4,75.0,250.0,0.0,0.88,0.0,0.0,150.0
2012001465,h,1.0,0.0,7.4,24.0,250.0,0.0,0.88,0.0,0.0,150.0
2012001024,h,1.0,0.0,7.4,24.0,250.0,0.0,0.88,0.0,0.0,150.0
2013004202,h,1.0,0.0,7.4,30.0,250.0,0.0,0.88,0.0,0.0,150.0
2013004012,h,1.0,0.0,7.4,40.0,250.0,0.0,0.88,0.0,0.0,150.0
2014004471,h,1.0,0.0,7.4,60.0,250.0,0.0,0.88,0.0,0.0,150.0
2014008506,h,1.0,0.0,7.4,60.0,250.0,0.0,0.88,0.0,0.0,150.0
2014008843,h,1.0,0.0,7.4,30.0,250.0,0.0,0.88,0.0,0.0,150.0
2013008440,h,1.0,0.0,7.4,75.0,250.0,0.0,0.88,0.0,0.0,150.0
2014008765,h,1.0,0.0,7.4,24.0,250.0,0.0,0.88,0.0,0.0,150.0
2012000692,h,1.0,0.0,7.4,30.0,250.0,0.0,0.88,0.0,0.0,150.0
2012003915,h,1.0,0.0,7.4,40.0,250.0,0.0,0.88,0.0,0.0,150.0
2015003458,h,1.0,0.0,7.4,60.0,250.0,0.0,0.88,0.0,0.0,150.0
2014008182,h,1.0,0.0,7.4,24.0,250.0,0.0,0.88,0.0,0.0,150.0
2012003951,h,1.0,0.0,7.4,75.0,250.0,0.0,0.88,0.0,0.0,150.0
2012003756,h,1.0,0.0,7.4,30.0,250.0,0.0,0.88,0.0,0.0,150.0
2016005144,h,1.0,0.0,7.4,75.0,250.0,0.0,0.88,0.0,0.0,150.0
2016002237,h,1.0,0.0,7.4,24.0,250.0,0.0,0.88,0.0,0.0,150.0
2013001044,h,1.0,0.0,7.4,75.0,250.0,0.0,0.88,0.0,0.0,150.0
2012004570,h,1.0,0.0,7.4,30.0,250.0,0.0,0.88,0.0,0.0,150.0
2012008766,h,1.0,0.0,7.4,75.0,250.0,0.0,0.88,0.0,0.0,150.0
2014002972,h,1.0,0.0,7.4,60.0,250.0,0.0,0.88,0.0,0.0,150.0
2013007421,h,1.0,0.0,7.4,24.0,250.0,0.0,0.88,0.0,0.0,150.0
2013001359,h,1.0,0.0,7.4,40.0,250.0,0.0,0.88,0.0,0.0,150.0
2012001634,h,1.0,0.0,7.4,30.0,250.0,0.0,0.88,0.0,0.0,150.0
2013009227,h,1.0,0.0,7.4,30.0,250.0,0.0,0.88,0.0,0.0,150.0
2012008497,h,1.0,0.0,7.4,24.0,250.0,0.0,0.88,0.0,0.0,150.0
2016007755,h,1.0,0.0,7.4,75.0,250.0,0.0,0.88,0.0,0.0,150.0
2014002155,h,1.0,0.0,7.4,40.0,250.0,0.0,0.88,0.0,0.0,150.0
2012006937,h,1.0,0.0,7.4,24.0,250.0,0.0,0.88,0.0,0.0,150.0
2016007228,h,1.0,0.0,7.4,75.0,250.0,0.0,0.88,0.0,0.0,150.0
2014001478,h,1.0,0.0,7.4,24.0,250.0,0.0,0.88,0.0,0.0,150.0
2015008483,h,1.0,0.0,7.4,60.0,250.0,0.0,0.88,0.0,0.0,150.0
2012005475,h,1.0,0.0,7.4,75.0,250.0,0.0,0.88,0.0,0.0,150.0
2013003102,h,1.0,0.0,7.4,75.0,250.0,0.0,0.88,0.0,0.0,150.0
2013006946,h,1.0,0.0,7.4,30.0,250.0,0.0,0.88,0.0,0.0,150.0
2014007552,h,1.0,0.0,7.4,40.0,250.0,0.0,0.88,0.0,0.0,150.0
2015008956,h,1.0,0.0,7.4,30.0,250.0,0.0,0.88,0.0,0.0,150.0
2012010272,h,1.0,0.0,7.4,40.0,250.0,0.0,0.88,0.0,0.0,150.0
2014007392,h,1.0,0.0,7.4,75.0,250.0,0.0,0.88,0.0,0.0,150.0
2013008024,h,1.0,0.0,7.4,75.0,250.0,0.0,0.88,0.0,0.0,150.0
2015003512,h,1.0,0.0,7.4,60.0,250.0,0.0,0.88,0.0,0.0,150.0
2012007490,h,1.0,0.0,7.4,30.0,250.0,0.0,0.88,0.0,0.0,150.0
2016007733,h,1.0,0.0,7.4,24.0,250.0,0.0,0.88,0.0,0.0,150.0
2012007102,h,1.0,0.0,7.4,24.0,250.0,0.0,0.88,0.0,0.0,150.0
2014008968,h,1.0,0.0,7.4,40.0,250.0,0.0,0.88,0.0,0.0,150.0
2012007481,h,1.0,0.0,7.4,60.0,250.0,0.0,0.88,0.0,0.0,150.0
2015009063,h,1.0,0.0,7.4,30.0,250.0,0.0,0.88,0.0,0.0,150.0
2012002457,h,1.0,0.0,7.4,24.0,250.0,0.0,0.88,0.0,0.0,150.0
2016007302,h,1.0,0.0,7.4,60.0,250.0,0.0,0.88,0.0,0.0,150.0
2015004500,h,1.0,0.0,7.4,30.0,250.0,0.0,0.88,0.0,0.0,150.0
2016008041,h,1.0,0.0,7.4,75.0,250.0,0.0,0.88,0.0,0.0,150.0
2014008331,h,1.0,0.0,7.4,40.0,250.0,0.0,0.88,0.0,0.0,150.0
2014008327,h,1.0,0.0,7.4,30.0,250.0,0.0,0.88,0.0,0.0,150.0
2016006551,h,1.0,0.0,7.4,60.0,250.0,0.0,0.88,0.0,0.0,150.0
2014001295,h,1.0,0.0,7.4,24.0,250.0,0.0,0.88,0.0,0.0,150.0
2012009656,h,1.0,0.0,7.4,60.0,250.0,0.0,0.88,0.0,0.0,150.0
2012008814,h,1.0,0.0,7.4,60.0,250.0,0.0,0.88,0.0,0.0,150.0
2012008929,h,1.0,0.0,7.4,75.0,250.0,0.0,0.88,0.0,0.0,150.0
2014007586,h,1.0,0.0,7.4,24.0,250.0,0.0,0.88,0.0,0.0,150.0
2012005663,h,1.0,0.0,7.4,60.0,250.0,0.0,0.88,0.0,0.0,150.0
2013006650,h,1.0,0.0,7.4,75.0,250.0,0.0,0.88,0.0,0.0,150.0
2012007323,h,1.0,0.0,7.4,24.0,250.0,0.0,0.88,0.0,0.0,150.0
2013005190,h,1.0,0.0,7.4,24.0,250.0,0.0,0.88,0.0,0.0,150.0
2016008352,h,1.0,0.0,7.4,24.0,250.0,0.0,0.88,0.0,0.0,150.0
2013008706,h,1.0,0.0,7.4,75.0,250.0,0.0,0.88,0.0,0.0,150.0
2015001308,h,1.0,0.0,7.4,60.0,250.0,0.0,0.88,0.0,0.0,150.0
2013007194,h,1.0,0.0,7.4,40.0,250.0,0.0,0.88,0.0,0.0,150.0
2014004842,h,1.0,0.0,7.4,24.0,250.0,0.0,0.88,0.0,0.0,150.0
2012005685,h,1.0,0.0,7.4,24.0,250.0,0.0,0.88,0.0,0.0,150.0
2013002639,h,1.0,0.0,7.4,60.0,250.0,0.0,0.88,0.0,0.0,150.0
2015006648,h,1.0,0.0,7.4,40.0,250.0,0.0,0.88,0.0,0.0,150.0
2012007439,h,1.0,0.0,7.4,30.0,250.0,0.0,0.88,0.0,0.0,150.0
2015008935,h,1.0,0.0,7.4,60.0,250.0,0.0,0.88,0.0,0.0,150.0
2016004833,h,1.0,0.0,7.4,75.0,250.0,0.0,0.88,0.0,0.0,150.0
2016000511,h,1.0,0.0,7.4,60.0,250.0,0.0,0.88,0.0,0.0,150.0
2013008104,h,1.0,0.0,7.4,30.0,250.0,0.0,0.88,0.0,0.0,150.0
2013004474,h,1.0,0.0,7.4,60.0,250.0,0.0,0.88,0.0,0.0,150.0
2012010721,h,1.0,0.0,7.4,60.0,250.0,0.0,0.88,0.0,0.0,150.0
2012009088,h,1.0,0.0,7.4,24.0,250.0,0.0,0.88,0.0,0.0,150.0
2012002990,h,1.0,0.0,7.4,75.0,250.0,0.0,0.88,0.0,0.0,150.0
2012010248,h,1.0,0.0,7.4,30.0,250.0,0.0,0.88,0.0,0.0,150.0
2015003742,h,1.0,0.0,7.4,60.0,250.0,0.0,0.88,0.0,0.0,150.0
2012010341,h,1.0,0.0,7.4,75.0,250.0,0.0,0.88,0.0,0.0,150.0
2015003840,h,1.0,0.0,7.4,30.0,250.0,0.0,0.88,0.0,0.0,150.0
2012010131,h,1.0,0.0,7.4,30.0,250.0,0.0,0.88,0.0,0.0,150.0
2014006364,h,1.0,0.0,7.4,75.0,250.0,0.0,0.88,0.0,0.0,150.0
2013009155,h,1.0,0.0,7.4,30.0,250.0,0.0,0.88,0.0,0.0,150.0
2013004325,h,1.0,0.0,7.4,60.0,250.0,0.0,0.88,0.0,0.0,150.0
2013004147,h,1.0,0.0,7.4,40.0,250.0,0.0,0.88,0.0,0.0,150.0
2014002098,h,1.0,0.0,7.4,75.0,250.0,0.0,0.88,0.0,0.0,150.0
2012009109,h,1.0,0.0,7.4,24.0,250.0,0.0,0.88,0.0,0.0,150.0
2013008201,h,1.0,0.0,7.4,75.0,250.0,0.0,0.88,0.0,0.0,150.0
2015009288,h,1.0,0.0,7.4,40.0,250.0,0.0,0.88,0.0,0.0,150.0
2013008210,h,1.0,0.0,7.4,75.0,250.0,0.0,0.88,0.0,0.0,150.0
2014000769,h,1.0,0.0,7.4,24.0,250.0,0.0,0.88,0.0,0.0,150.0
2015009345,h,1.0,0.0,7.4,40.0,250.0,0.0,0.88,0.0,0.0,150.0
2014007337,h,1.0,0.0,7.4,60.0,250.0,0.0,0.88,0.0,0.0,150.0
2016005962,h,1.0,0.0,7.4,60.0,250.0,0.0,0.88,0.0,0.0,150.0
2013005014,h,1.0,0.0,7.4,40.0,250.0,0.0,0.88,0.0,0.0,150.0
2015003378,h,1.0,0.0,7.4,40.0,250.0,0.0,0.88,0.0,0.0,150.0
2015006470,h,1.0,0.0,7.4,60.0,250.0,0.0,0.88,0.0,0.0,150.0
2015006344,h,1.0,0.0,7.4,30.0,250.0,0.0,0.88,0.0,0.0,150.0
2012002955,h,1.0,0.0,7.4,75.0,250.0,0.0,0.88,0.0,0.0,150.0
2015006347,h,1.0,0.0,7.4,30.0,250.0,0.0,0.88,0.0,0.0,150.0
2012004326,h,1.0,0.0,7.4,24.0,250.0,0.0,0.88,0.0,0.0,150.0
2012010711,h,1.0,0.0,7.4,75.0,250.0,0.0,0.88,0.0,0.0,150.0
2016000263,h,1.0,0.0,7.4,60.0,250.0,0.0,0.88,0.0,0.0,150.0
2014007229,h,1.0,0.0,7.4,60.0,250.0,0.0,0.88,0.0,0.0,150.0
2014002183,h,1.0,0.0,7.4,75.0,250.0,0.0,0.88,0.0,0.0,150.0
2016004978,h,1.0,0.0,7.4,60.0,250.0,0.0,0.88,0.0,0.0,150.0
2013000745,h,1.0,0.0,7.4,60.0,250.0,0.0,0.88,0.0,0.0,150.0
2012009004,h,1.0,0.0,7.4,60.0,250.0,0.0,0.88,0.0,0.0,150.0
2014004084,h,1.0,0.0,7.4,60.0,250.0,0.0,0.88,0.0,0.0,150.0
2016002690,h,1.0,0.0,7.4,30.0,250.0,0.0,0.88,0.0,0.0,150.0
2016007857,h,1.0,0.0,7.4,60.0,250.0,0.0,0.88,0.0,0.0,150.0
2012000256,h,1.0,0.0,7.4,60.0,250.0,0.0,0.88,0.0,0.0,150.0
2014008720,h,1.0,0.0,7.4,75.0,250.0,0.0,0.88,0.0,0.0,150.0
2015004041,h,1.0,0.0,7.4,60.0,250.0,0.0,0.88,0.0,0.0,150.0
2012001858,h,1.0,0.0,7.4,75.0,250.0,0.0,0.88,0.0,0.0,150.0
2014004422,h,1.0,0.0,7.4,40.0,250.0,0.0,0.88,0.0,0.0,150.0
2016007028,h,1.0,0.0,7.4,40.0,250.0,0.0,0.88,0.0,0.0,150.0
2012004811,h,1.0,0.0,7.4,75.0,250.0,0.0,0.88,0.0,0.0,150.0
2014003652,h,1.0,0.0,7.4,75.0,250.0,0.0,0.88,0.0,0.0,150.0
2013005862,h,1.0,0.0,7.4,40.0,250.0,0.0,0.88,0.0,0.0,150.0
2013002246,h,1.0,0.0,7.4,24.0,250.0,0.0,0.88,0.0,0.0,150.0
2016002939,h,1.0,0.0,7.4,40.0,250.0,0.0,0.88,0.0,0.0,150.0
2012005126,h,1.0,0.0,7.4,75.0,250.0,0.0,0.88,0.0,0.0,150.0
2013009121,h,1.0,0.0,7.4,30.0,250.0,0.0,0.88,0.0,0.0,150.0
2015000976,h,1.0,0.0,7.4,60.0,250.0,0.0,0.88,0.0,0.0,150.0
2012007936,h,1.0,0.0,7.4,60.0,250.0,0.0,0.88,0.0,0.0,150.0
2012010206,h,1.0,0.0,7.4,24.0,250.0,0.0,0.88,0.0,0.0,150.0
2014008920,h,1.0,0.0,7.4,75.0,250.0,0.0,0.88,0.0,0.0,150.0
2013006365,h,1.0,0.0,7.4,75.0,250.0,0.0,0.88,0.0,0.0,150.0
2016003333,h,1.0,0.0,7.4,60.0,250.0,0.0,0.88,0.0,0.0,150.0
2013008847,h,1.0,0.0,7.4,40.0,250.0,0.0,0.88,0.0,0.0,150.0
2014003294,h,1.0,0.0,7.4,24.0,250.0,0.0,0.88,0.0,0.0,150.0
2015007297,h,1.0,0.0,7.4,40.0,250.0,0.0,0.88,0.0,0.0,150.0
2014004555,h,1.0,0.0,7.4,30.0,250.0,0.0,0.88,0.0,0.0,150.0
2012007671,h,1.0,0.0,7.4,30.0,250.0,0.0,0.88,0.0,0.0,150.0
2012002644,h,1.0,0.0,7.4,75.0,250.0,0.0,0.88,0.0,0.0,150.0
2016002445,h,1.0,0.0,7.4,75.0,250.0,0.0,0.88,0.0,0.0,150.0
2013002311,h,1.0,0.0,7.4,30.0,250.0,0.0,0.88,0.0,0.0,150.0
2012004782,h,1.0,0.0,7.4,60.0,250.0,0.0,0.88,0.0,0.0,150.0
2012003750,h,1.0,0.0,7.4,30.0,250.0,0.0,0.88,0.0,0.0,150.0
2014003322,h,1.0,0.0,7.4,24.0,250.0,0.0,0.88,0.0,0.0,150.0
2016003034,h,1.0,0.0,7.4,40.0,250.0,0.0,0.88,0.0,0.0,150.0
2012002201,h,1.0,0.0,7.4,60.0,250.0,0.0,0.88,0.0,0.0,150.0
2013002365,h,1.0,0.0,7.4,75.0,250.0,0.0,0.88,0.0,0.0,150.0
2014003346,h,1.0,0.0,7.4,24.0,250.0,0.0,0.88,0.0,0.0,150.0
2012005415,h,1.0,0.0,7.4,60.0,250.0,0.0,0.88,0.0,0.0,150.0
2014003957,h,1.0,0.0,7.4,30.0,250.0,0.0,0.88,0.0,0.0,150.0
2012000049,h,1.0,0.0,7.4,75.0,250.0,0.0,0.88,0.0,0.0,150.0
2013005510,h,1.0,0.0,7.4,40.0,250.0,0.0,0.88,0.0,0.0,150.0
2016007458,h,1.0,0.0,7.4,40.0,250.0,0.0,0.88,0.0,0.0,150.0
2015007723,h,1.0,0.0,7.4,30.0,250.0,0.0,0.88,0.0,0.0,150.0
2012008409,h,1.0,0.0,7.4,40.0,250.0,0.0,0.88,0.0,0.0,150.0
2013000159,h,1.0,0.0,7.4,60.0,250.0,0.0,0.88,0.0,0.0,150.0
2014001690,h,1.0,0.0,7.4,60.0,250.0,0.0,0.88,0.0,0.0,150.0
2013006330,h,1.0,0.0,7.4,24.0,250.0,0.0,0.88,0.0,0.0,150.0
2015009289,h,1.0,0.0,7.4,40.0,250.0,0.0,0.88,0.0,0.0,150.0
2013007466,h,1.0,0.0,7.4,60.0,250.0,0.0,0.88,0.0,0.0,150.0
2013004744,h,1.0,0.0,7.4,60.0,250.0,0.0,0.88,0.0,0.0,150.0
2015007008,h,1.0,0.0,7.4,60.0,250.0,0.0,0.88,0.0,0.0,150.0
2013001782,h,1.0,0.0,7.4,40.0,250.0,0.0,0.88,0.0,0.0,150.0
2015009285,h,1.0,0.0,7.4,40.0,250.0,0.0,0.88,0.0,0.0,150.0
2012008741,h,1.0,0.0,7.4,60.0,250.0,0.0,0.88,0.0,0.0,150.0
2014000374,h,1.0,0.0,7.4,60.0,250.0,0.0,0.88,0.0,0.0,150.0
2016000593,h,1.0,0.0,7.4,40.0,250.0,0.0,0.88,0.0,0.0,150.0
2016005713,h,1.0,0.0,7.4,60.0,250.0,0.0,0.88,0.0,0.0,150.0
2013000485,h,1.0,0.0,7.4,75.0,250.0,0.0,0.88,0.0,0.0,150.0
2016003910,h,1.0,0.0,7.4,40.0,250.0,0.0,0.88,0.0,0.0,150.0
2014000319,h,1.0,0.0,7.4,60.0,250.0,0.0,0.88,0.0,0.0,150.0
2013008051,h,1.0,0.0,7.4,30.0,250.0,0.0,0.88,0.0,0.0,150.0
2015006058,h,1.0,0.0,7.4,24.0,250.0,0.0,0.88,0.0,0.0,150.0
2013008550,h,1.0,0.0,7.4,40.0,250.0,0.0,0.88,0.0,0.0,150.0
2016004119,h,1.0,0.0,7.4,30.0,250.0,0.0,0.88,0.0,0.0,150.0
2012000578,h,1.0,0.0,7.4,30.0,250.0,0.0,0.88,0.0,0.0,150.0
2015002574,h,1.0,0.0,7.4,75.0,250.0,0.0,0.88,0.0,0.0,150.0
2014001226,h,1.0,0.0,7.4,24.0,250.0,0.0,0.88,0.0,0.0,150.0
2015006968,h,1.0,0.0,7.4,60.0,250.0,0.0,0.88,0.0,0.0,150.0
2015000606,h,1.0,0.0,7.4,40.0,250.0,0.0,0.88,0.0,0.0,150.0
2014006452,h,1.0,0.0,7.4,30.0,250.0,0.0,0.88,0.0,0.0,150.0
2016007844,h,1.0,0.0,7.4,40.0,250.0,0.0,0.88,0.0,0.0,150.0
2014002483,h,1.0,0.0,7.4,60.0,250.0,0.0,0.88,0.0,0.0,150.0
2012010746,h,1.0,0.0,7.4,30.0,250.0,0.0,0.88,0.0,0.0,150.0
2016001293,h,1.0,0.0,7.4,40.0,250.0,0.0,0.88,0.0,0.0,150.0
2013008606,h,1.0,0.0,7.4,60.0,250.0,0.0,0.88,0.0,0.0,150.0
2015004842,h,1.0,0.0,7.4,30.0,250.0,0.0,0.88,0.0,0.0,150.0
2016004380,h,1.0,0.0,7.4,40.0,250.0,0.0,0.88,0.0,0.0,150.0
2013006137,h,1.0,0.0,7.4,30.0,250.0,0.0,0.88,0.0,0.0,150.0
2016009158,h,1.0,0.0,7.4,30.0,250.0,0.0,0.88,0.0,0.0,150.0
2014003811,h,1.0,0.0,7.4,30.0,250.0,0.0,0.88,0.0,0.0,150.0
2015004102,h,1.0,0.0,7.4,60.0,250.0,0.0,0.88,0.0,0.0,150.0
2013007727,h,1.0,0.0,7.4,40.0,250.0,0.0,0.88,0.0,0.0,150.0
2014007705,h,1.0,0.0,7.4,60.0,250.0,0.0,0.88,0.0,0.0,150.0
2014002386,h,1.0,0.0,7.4,75.0,250.0,0.0,0.88,0.0,0.0,150.0
2014005091,h,1.0,0.0,7.4,40.0,250.0,0.0,0.88,0.0,0.0,150.0
2012003235,h,1.0,0.0,7.4,24.0,250.0,0.0,0.88,0.0,0.0,150.0
2015007956,h,1.0,0.0,7.4,24.0,250.0,0.0,0.88,0.0,0.0,150.0
2014002012,h,1.0,0.0,7.4,75.0,250.0,0.0,0.88,0.0,0.0,150.0
2014000520,h,1.0,0.0,7.4,24.0,250.0,0.0,0.88,0.0,0.0,150.0
2012004532,h,1.0,0.0,7.4,24.0,250.0,0.0,0.88,0.0,0.0,150.0
2012003753,h,1.0,0.0,7.4,40.0,250.0,0.0,0.88,0.0,0.0,150.0
2013000515,h,1.0,0.0,7.4,40.0,250.0,0.0,0.88,0.0,0.0,150.0
2014003005,h,1.0,0.0,7.4,60.0,250.0,0.0,0.88,0.0,0.0,150.0
2013008308,h,1.0,0.0,7.4,24.0,250.0,0.0,0.88,0.0,0.0,150.0
2016007941,h,1.0,0.0,7.4,75.0,250.0,0.0,0.88,0.0,0.0,150.0
2012002520,h,1.0,0.0,7.4,75.0,250.0,0.0,0.88,0.0,0.0,150.0
2013001608,h,1.0,0.0,7.4,75.0,250.0,0.0,0.88,0.0,0.0,150.0
2013005266,h,1.0,0.0,7.4,40.0,250.0,0.0,0.88,0.0,0.0,150.0
2012009100,h,1.0,0.0,7.4,40.0,250.0,0.0,0.88,0.0,0.0,150.0
2016003856,h,1.0,0.0,7.4,60.0,250.0,0.0,0.88,0.0,0.0,150.0
2014005760,h,1.0,0.0,7.4,24.0,250.0,0.0,0.88,0.0,0.0,150.0
2013007487,h,1.0,0.0,7.4,24.0,250.0,0.0,0.88,0.0,0.0,150.0
2012005394,h,1.0,0.0,7.4,30.0,250.0,0.0,0.88,0.0,0.0,150.0
2014002800,h,1.0,0.0,7.4,30.0,250.0,0.0,0.88,0.0,0.0,150.0
2014002720,h,1.0,0.0,7.4,30.0,250.0,0.0,0.88,0.0,0.0,150.0
2012004675,h,1.0,0.0,7.4,60.0,250.0,0.0,0.88,0.0,0.0,150.0
2016004903,h,1.0,0.0,7.4,60.0,250.0,0.0,0.88,0.0,0.0,150.0
2012005170,h,1.0,0.0,7.4,24.0,250.0,0.0,0.88,0.0,0.0,150.0
2014005576,h,1.0,0.0,7.4,30.0,250.0,0.0,0.88,0.0,0.0,150.0
2012005278,h,1.0,0.0,7.4,75.0,250.0,0.0,0.88,0.0,0.0,150.0
2014001472,h,1.0,0.0,7.4,30.0,250.0,0.0,0.88,0.0,0.0,150.0
